Reference,Associated Study Title,Author's Summary,Study Factors,Stressor Agent,Receptors,Country,Medium,Exposure Marker,Outcome,Anatomy
24407477,Columbia Center for Children's Environmental Health (CCCEH),"Obese young children may be more likely to develop asthma in association with greater exposure to polycyclic aromatic hydrocarbons, and methylphenanthrenes in particular, than non-obese children.",body mass index | disease | sex,1-methylphenanthrene|2-methylphenanthrene|phenanthrene|pyrene,Children|Controls for disease:Obesity|Subjects with disease:Obesity,United States,air,1-methylphenanthrene|2-methylphenanthrene|phenanthrene|pyrene,Asthma,
24911217,Northern California Childhood Leukemia Study (NCCLS),"We found no association with acute lymphoblastic leukemia for common polybrominated diphenyl ethers (PBDEs), but we observed positive associations for specific octa and nonaBDEs.",,"2,2',3,3',4,4',5,5',6-nonabromodiphenyl ether|2,2',3,3',4,4',5,6,6'-nonabromodiphenyl ether|2,2',3,3',4,4',6,6'-octabromodiphenyl ether|2,2',3,3',4,5,5',6,6'-nonabromodiphenyl ether|2,2',3,4,4',5',6-heptabromodiphenyl ether|2,2',4,4',5-brominated diphenyl ether|2,2',4,4'-tetrabromodiphenyl ether|decabromobiphenyl ether|Halogenated Diphenyl Ethers|hexabrominated diphenyl ether 153|hexabromodiphenyl ether 154|pentabrominated diphenyl ether 100|tribromodiphenyl ether 28",Study subjects,United States,dust,"2,2',3,3',4,4',5,5',6-nonabromodiphenyl ether|2,2',3,3',4,4',5,6,6'-nonabromodiphenyl ether|2,2',3,3',4,4',6,6'-octabromodiphenyl ether|2,2',3,3',4,5,5',6,6'-nonabromodiphenyl ether|2,2',3,4,4',5',6-heptabromodiphenyl ether|2,2',4,4',5-brominated diphenyl ether|2,2',4,4'-tetrabromodiphenyl ether|decabromobiphenyl ether|Halogenated Diphenyl Ethers|hexabrominated diphenyl ether 153|hexabromodiphenyl ether 154|pentabrominated diphenyl ether 100|tribromodiphenyl ether 28",Precursor Cell Lymphoblastic Leukemia-Lymphoma,
22328999,"Diet, Cancer and Health Study","We found a higher risk of non-Hodgkin lymphoma in association with higher adipose tissue levels of DDT, cis-nonachlor, and oxychlordane, but no association with polychlorinated biphenyls.",,"2,2',3,3',4,4',5-heptachlorobiphenyl|2,2',4,4',5-pentachlorobiphenyl|2,3,3',4,4',5-hexachlorobiphenyl|2,3',4,4',5-pentachlorobiphenyl|2,4,5,2',4',5'-hexachlorobiphenyl|beta-hexachlorocyclohexane|DDT|Dichlorodiphenyl Dichloroethylene|Dieldrin|Hexachlorobenzene|nonachlor|oxychlordane|PCB 180","Controls for disease:Lymphoma, Non-Hodgkin|Subjects with disease:Lymphoma, Non-Hodgkin|Study subjects",Denmark,adipose tissue,"2,2',3,3',4,4',5-heptachlorobiphenyl|2,2',4,4',5-pentachlorobiphenyl|2,3,3',4,4',5-hexachlorobiphenyl|2,3',4,4',5-pentachlorobiphenyl|2,4,5,2',4',5'-hexachlorobiphenyl|beta-hexachlorocyclohexane|DDT|Dichlorodiphenyl Dichloroethylene|Dieldrin|Hexachlorobenzene|nonachlor|oxychlordane|PCB 180","Lymphoma, Non-Hodgkin",
20585661,Diabetes Incidence Study in Sweden (DISS),The hypothesis that in utero exposure to persistent organochlorine pollutants will trigger the risk for developing type 1 diabetes was not supported by the results.,,"2,4,5,2',4',5'-hexachlorobiphenyl|Dichlorodiphenyl Dichloroethylene",Children|Mothers,Sweden,serum,"2,4,5,2',4',5'-hexachlorobiphenyl|Dichlorodiphenyl Dichloroethylene","Diabetes Mellitus, Type 1",
27384423,Agricultural Health Study (AHS),"We evaluated the association of currently used pesticides with allergic and non-allergic wheeze among male farmers, and our results implicate several pesticides that are commonly used in agricultural and residential settings with adverse respiratory effects.",,"2,4-Dichlorophenoxyacetic Acid|acetochlor|Atrazine|bentazone|Carbaryl|Chlorpyrifos|clomazone|clopyralid|cyfluthrin|Dicamba|Dimethoate|Disulfoton|fenoxaprop ethyl|fluazifop-butyl|glyphosate|Herbicides|imazaquin|Insecticides|Malathion|mesotrione|metolachlor|N-(2,6-difluorophenyl)-5-methyl(1,2,4)-triazol(1,5-a)pyrimidine-2-sulfonamide|nicosulfuron|Permethrin|Petroleum|Picloram|Pyrethrins|Rodenticides|Simazine|triclopyr|Trifluralin|Warfarin",Workers,United States,,,"Respiratory Sounds|Rhinitis, Allergic",
11874814,Agricultural Health Study (AHS),"Prevalence of wheeze was associated with individual pesticides independent of animals, crops, and grains.",disease,"2,4-Dichlorophenoxyacetic Acid|alachlor|Aldicarb|aluminum phosphide|Atrazine|Benomyl|butylate|Captan|Carbaryl|Carbofuran|chlorimuron ethyl|Chlorpyrifos|Coumaphos|cyanazine|Diazinon|Dicamba|Dichlorvos|EPTC|Fonofos|glyphosate|Hexachlorocyclohexane|imazethapyr|Malathion|Maneb|metalaxyl|metolachlor|metribuzin|Paraquat|Parathion|pendimethalin|Permethrin|Petroleum|Phorate|terbufos|tetrachloroisophthalonitrile|Trichlorfon|Trifluralin|Ziram","Subjects with disease:Asthma|Subjects with disease:Ige Responsiveness, Atopic|Workers",United States,,,Agricultural Workers' Diseases|Respiratory Sounds,
17932376,Agricultural Health Study (AHS),"These findings suggest that pesticides may contribute to atopic asthma, but not nonatopic asthma, among farm women.",,"2,4-Dichlorophenoxyacetic Acid|Carbamates|Carbaryl|Coumaphos|DDT|glyphosate|Hydrocarbons, Chlorinated|Malathion|metalaxyl|Organophosphates|Parathion|Permethrin|Pesticides|Phorate",Study subjects,United States,,,Agricultural Workers' Diseases|Asthma,
33785322,,"In conclusion, chemical emissions from recent indoor painting at home can increase the risk of wheeze. In schools, para-dichlorobenzene can increase the risk of current asthma and respiratory infections while ethylbenzene can increase the risk of respiratory infections.",race | tobacco,4-dichlorobenzene|Benzene|Carbon Dioxide|chlorobenzene|Cyclohexane|ethylbenzene|Formaldehyde|methylcyclohexane|Nitrogen Dioxide|Toluene|Xylenes,Children,Malaysia,"air, ambient",4-dichlorobenzene|Benzene|Carbon Dioxide|chlorobenzene|Cyclohexane|ethylbenzene|Formaldehyde|methylcyclohexane|Nitrogen Dioxide|Toluene|Xylenes,Asthma|Respiratory Tract Infections,
16798793,Childhood Asthma Management Program (CAMP),"This study reports the relation between ambient concentrations of five air pollutants and asthma exacerbations: lags in carbon monoxide and nitrogen dioxide were positively associated with both measures of asthma exacerbation, and the 3-day moving sum of sulfur dioxide levels was marginally related to asthma symptoms, but particulate matter PM10 and ozone were unrelated to exacerbations.",,Air Pollutants,Children,Canada | United States,"air, ambient",Carbon Monoxide|Nitrogen Dioxide|Ozone|Particulate Matter|Sulfur Dioxide,Asthma,
25012280,,"In Houston (Texas), ozone and nitrogen dioxide are important triggers of asthma attacks in a multi-pollutant model, and persons at highest risk are aged 46-66, African Americans, and males.",age | race | sex,Air Pollutants,Subjects with disease:Asthma|Study subjects,United States,"air, ambient",Carbon Monoxide|Nitrogen Dioxide|Ozone|Particulate Matter|Sulfur Dioxide,Asthma,
26187234,Childhood Asthma Management Program (CAMP),"Air pollution adversely influences lung function and methacholine responsiveness in asthmatic children, and treatment with controller medications might not protect but rather worsen the effects of carbon monoxide on methacholine responsiveness.",disease,Air Pollutants,Subjects with disease:Asthma|Children,Canada | United States,"air, ambient",Carbon Monoxide|Nitrogen Dioxide|Ozone|Sulfur Dioxide,response to bronchodilator,Lung
26734713,"Genes-Environments and Admixture in Latino Americans (GALA II) | Study of African Americans, Asthma, Genes, and Environments (SAGE II)",Early-life particulate matter exposures were associated with reduced lung function in Latino and African American children with asthma.,race,Air Pollutants,Subjects with disease:Asthma|Children,United States,"air, ambient",Particulate Matter,negative regulation of respiratory gaseous exchange,Lung
17135449,Pollution and the Young (PATY),Evidence for associations between nitrogen dioxide and respiratory symptoms was robust only for inhalation allergies.,,Air Pollutants,Children,Austria | Italy | Netherlands | Russian Federation | Switzerland,"air, ambient",Nitrogen Dioxide|Particulate Matter|Sulfur Dioxide,Respiratory Hypersensitivity,
26841141,,These results suggest moderately strong associations between air pollutant concentrations and respiratory difficulties among asthmatic children and adolescents.,disease,Air Pollutants,Subjects with disease:Asthma|Children,Czech Republic,"air, ambient",Nitrogen Dioxide|Particulate Matter|Sulfur Dioxide,Respiratory Sounds,
26855129,New York City Community Air Survey (NYCCAS),"We leverage highly spatially-refined air pollution data to incorporate individual-level spatial exposure variation in a case-crossover analysis of daily ozone exposure and childhood asthma exacerbation events in New York City; incorporating case-level spatial exposure variation produced small, non-significant increases in excess risk estimates.",,Air Pollutants,Subjects with disease:Asthma|Children,United States,"air, ambient",Ozone|Particulate Matter,,
28108116,,"In this population-based study, results suggest an association between exposure to ambient air pollution during pregnancy, especially in the first trimester and an increased risk of astrocytoma and acute lymphoblastic leukemia in early childhood cancer.",,Air Pollutants,Children|Pregnant females,Canada,"air, ambient",Nitrogen Dioxide|Particulate Matter,Astrocytoma|Precursor Cell Lymphoblastic Leukemia-Lymphoma|Prenatal Exposure Delayed Effects,
24899876,,"The present data suggest that the highly exposed subjects to pollution are at high risk of developing an allergy; for the screening of those with suspected allergen sensitization, the determination of specific IgE antibodies is a suitable marker of type I allergy.",,Air Pollutants,Study subjects,Saudi Arabia,,,"Hypersensitivity|eosinophil homeostasis|IgE immunoglobulin complex, circulating",Eosinophils|Serum
21897859,,"Several of the altered oxylipins have known or suspected bronchoprotective or anti-inflammatory effects, suggesting a possible reduced anti-inflammatory response in asthmatics following exposure to subway air.",disease,Air Pollutants,Controls for disease:Asthma|Subjects with disease:Asthma,Sweden,lung,"12,13-epoxy-9- keto-10-octadecenoic acid|12-Hydroxy-5,8,10,14-eicosatetraenoic Acid|13-hydroxy-9,11-octadecadienoic acid|13-Hydroxy-octadecatrienoic acid|13-oxo-9,11-octadecadienoic acid|15-hydroxy-5,8,11,13,17-eicosapentaenoic acid|15-hydroxy-5,8,11,13-eicosatetraenoic acid|15-hydroxyeicosatrienoic acid|15-keto-5,8,11,13-eicosatetraenoic acid|17-hydroxy-4,7,10,13,15,19-docosahexaenoic acid|5,6-epoxy-8,11,14-eicosatrienoic acid|5-hydroxy-6,8,11,14-eicosatetraenoic acid|8,9-epoxyeicosatrienoic acid|9,10,13-trihydroxyoctadec-11-enoic acid|9,12,13-trihydroxy-10-octadecenoic acid|9-hydroxy-10,12-octadecadienoic acid|9-oxo-10,12-octadecadienoic acid|ALOX15|Dinoprostone|Leukotriene B4|PPARG|Prostaglandin D2|PTGS1|PTGS2|Thromboxane B2",negative regulation of inflammatory response|oxylipin biosynthetic process,Lung
21996054,,Our study shows that airway inflammatory responses after exposure in subway environment differ between asthmatic and healthy humans.,disease,Air Pollutants,Subjects with disease:Asthma,Sweden,"air, indoor",Nitric Oxide|Nitrogen Dioxide|Particulate Matter,T cell activation,Lung
22370087,,Our results are consistent with the hypothesis that exposure to air pollution from fuel-fired power plants and volatile compounds coming from hazardous waste sites increases the risk of hospitalization for respiratory diseases.,,Air Pollutants,Study subjects,United States,,Air Pollutants,"Asthma|Pulmonary Disease, Chronic Obstructive|Respiratory Tract Infections",
19781087,International Study of Asthma and Allergies in Childhood (ISAAC),"The study showed a measurable health effect, both an excess of asthma symptoms in comparison with the rest of the city, and more frequent wheezing symptoms associated with an index of estimated petrochemical refinery emissions exposure.",,Air Pollutants,Children,South Africa,,,Asthma,
32327564,"Study of African Americans, Asthma, Genes, and Environments (SAGE II)","This study identified a novel protective genetic association with lung function (FEV1), possibly mediated through KITLG, in African American children with asthma.",genetics,Air Pollutants,Subjects with disease:Asthma|Subjects with gene influence:KITLG,United States,"air, ambient",Sulfur Dioxide,respiratory system process,Lung
19620729,Children's Health Study (CHS),These results suggest that children from stressful households are more susceptible to the effects of traffic-related pollution and in utero tobacco smoke on the development of asthma.,race | socioeconomic status | tobacco,Air Pollutants,Children,United States,,Nitric Oxide,Asthma,
27043587,,"Our results reveal no significant association between asthma rates and exposure of ambient air pollutants; however, there is a positive correlation between particulate matter PM2.5 and asthma discharge rates and a negative correlation between asthma rates and ozone, but these were not statistically significant, and can be better explained by local weather conditions; the research facilitates identification of hotspots for controlling the most affected populations from further environmental exposure, and for preventing or reducing the health impacts.",,Air Pollutants,Study subjects,United States,"air, ambient",Ozone|Particulate Matter,Asthma,
27043549,Melbourne Atopy Cohort Study (MACS),Traffic-related air pollution is associated with some respiratory outcomes in carriers of genetic polymorphisms in oxidative stress metabolism genes.,genetics,Air Pollutants,Children|Subjects with gene influence:GSTM1|Subjects with gene influence:GSTT1,Australia,,,"Asthma|Respiratory Sounds|Rhinitis, Allergic, Seasonal",
31936295,,"Nitorgen dioxide and sulfur dioxide were found to be significant risk factors for Rheumatoid Arthritis activity, with7% positive correlation with disease activity indices DAS-28 and Clinical Disease Activity Index.",,Air Pollutants|Carbon Monoxide|Nitrogen Dioxide|Ozone|Particulate Matter|Sulfur Dioxide,"Subjects with disease:Arthritis, Rheumatoid",Kuwait,"air, ambient",Carbon Monoxide|Nitrogen Dioxide|Ozone|Particulate Matter|Sulfur Dioxide,"Arthritis, Rheumatoid",
29317916,,"Short-term and long-term exposures to high levels of carbon monoxide, nitrogen dioxide, and particulate matter PM2.5 were associated with alterations in differentially methylated regions of FOXP3, and IL10 methylation showed a similar trend; in addition, asthma was associated with higher differentially methylated regions of FOXP3 and IL10.",,Air Pollutants|Carbon Monoxide|Nitrogen Dioxide|Particulate Matter,Children,United States,"air, ambient|leukocyte, mononuclear",Carbon Monoxide|FOXP3|Nitrogen Dioxide|Particulate Matter,Asthma,
32816747,,"The findings of this study suggest that children exposed to higher levels of particulate matter (2.5) are more likely to develop asthma and persistent wheezing than children who are not exposed. Other risk factors associated with these outcomes were parental asthma, parental education, and maternal smoking during pregnancy.",tobacco,Air Pollutants|Nitrates|Nitrogen Dioxide|Nitrogen Oxides|Ozone|Particulate Matter|Sulfur Dioxide|Tobacco Smoke Pollution,Children,Denmark,air,Nitrogen Dioxide|Nitrogen Oxides|Ozone|Particulate Matter|Sulfur Dioxide,Asthma,
31964412,,"In this large population-based study, living near roads was linked with higher incidence of non-Alzheimer's dementia (NAD), Parkinson Disease (PD), Alzheimer's Disease (AD) and multiple sclerosis (MS). Although results were not entirely consistent, air pollution was linked with NAD and PD, but not AD or MS.",,Air Pollutants|Nitric Oxide|Nitrogen Dioxide|Particulate Matter|Soot,Controls for disease:Alzheimer Disease|Subjects with disease:Alzheimer Disease|Controls for disease:Dementia|Subjects with disease:Dementia|Controls for disease:Multiple Sclerosis|Subjects with disease:Multiple Sclerosis|Controls for disease:Parkinson Disease|Subjects with disease:Parkinson Disease|Study subjects,Canada,air,Nitric Oxide|Nitrogen Dioxide|Particulate Matter|Soot,Dementia|Parkinson Disease,
18629323,,"The physical and social environments interacted in predicting both biologic and clinical outcomes in children with asthma, suggesting that when pollution exposure is more modest, vulnerability to asthma exacerbations may be heightened in children with higher chronic stress.",,Air Pollutants|Nitrogen Dioxide,Subjects with disease:Asthma|Children,Canada,,IL13|IL4|IL5|Nitrogen Dioxide,Asthma,
21896396,,The results indicate adverse effects of air pollution on the subclinical respiratory health of asthmatic children in this region and provide preliminary support for the use of air pollution monitors close to schools to track exposure and potential health risk in this population.,disease,Air Pollutants|Nitrogen Dioxide|Ozone|Particulate Matter|Soot|Vehicle Emissions,Subjects with disease:Asthma|Children,Mexico | United States,"air|air, ambient|air, indoor|air, outdoor",Nitric Oxide|Nitrogen Dioxide|Ozone|Particulate Matter|Soot,,
20056584,,"In our analysis, exposure to ambient levels of ozone and sulfur dioxide was positively and significantly associated with a systemic inflammatory response as measured by systemic levels of interleukin 6 (IL6).",,Air Pollutants|Nitrogen Dioxide|Ozone|Particulate Matter|Sulfur Dioxide,Controls for disease:Asthma|Subjects with disease:Asthma|Study subjects,Canada,air|blood|plasma,Carbon Monoxide|IL6|Nitrogen Dioxide|Ozone|Particulate Matter|Sulfur Dioxide,interleukin-6 production,Plasma
23728483,,"This large epidemiologic study of Chinese children confirmed that indoor air pollution from home renovation, coal stoves, passive smoking, and other risk factors was harmful to the respiratory system.",,Air Pollutants|Nitrogen Dioxide|Particulate Matter|Sulfur Dioxide,Children,China,air,Nitrogen Dioxide|Particulate Matter|Sulfur Dioxide,"Cough|Respiratory Sounds|Respiratory Tract Diseases|Rhinitis, Allergic",
18234317,,Malondialdehyde in exhaled breath condensate was related to both air pollution exposure and changes in lung function and inflammatory markers.,,Air Pollutants|Ozone|Particulate Matter,Subjects with disease:Asthma|Children,Mexico,"air, ambient|air, breath, exhaled",Malondialdehyde|Nitrogen Dioxide|Ozone|Particulate Matter,positive regulation of interleukin-8 production|respiratory system process,Nasal Cavity|Lung
24117884,Taiwan Children Health Study (TCHS),Our study suggests that interaction between GSTP1 and particulate matter PM10 is the most influential gene-air pollution interaction model on childhood asthma.,genetics,Air Pollutants|Particulate Matter,Children|Subjects with gene influence:GSTP1,"Taiwan, Province of China",,,Asthma,
23330224,,"Interleukin 22 (IL22) mRNA expression in blood samples is a useful biomarker for assessing the adverse health effects of polychlorinated biphenyls on allergic children, especially children with egg hypersensitivity, milk hypersensitivity, and asthma.",diet | disease,Air Pollutants|Polychlorinated Biphenyls,Subjects with disease:Asthma|Children|Subjects with disease:Egg Hypersensitivity|Subjects with disease:Milk Hypersensitivity,Japan,blood|serum,IL22|Polychlorinated Biphenyls,,
33573660,,"Exposure to traffic-related air pollution was associated with higher levels of fractional exhaled nitric oxide and lower levels of DNA methylation in the NOS3 gene promoter, indicating a potential epigenetic mechanism in physiological responses in children with asthma.",,Air Pollutants|Soot|Vehicle Emissions,Subjects with disease:Asthma|Children,United States,"air, personal|cell, epithelial, buccal",Nitric Oxide|Nitrogen Dioxide|NOS3|Soot,,
31652605,,Here we have assessed the effects of tobacco smoke exposure and environmental pollution on the respiratory health of Italian children and adolescents using spirometry and the forced oscillation technique (FOT).,,Air Pollutants|Tobacco Smoke Pollution,Children,Italy,urine,8-epi-prostaglandin F2alpha|Cotinine,Asthma|respiratory system process,Lung
28424066,Columbia Center for Children's Environmental Health (CCCEH),"Exposure to vanadium was associated with altered DNA methylation of allergic and proinflammatory asthma genes implicated in air pollution related asthma; however, short-term exposure to particulate matter PM2.5, but not vanadium, appeared associated with decrements in lung function among urban children.",body mass index | disease,Air Pollutants|Vanadium,Subjects with disease:Asthma|Children|Subjects with disease:Obesity,United States,"air, indoor|mouth mucosa",IFNG|IL4|NOS2|Particulate Matter|Vanadium,respiratory system process,Lung
21513554,,There is moderately strong evidence of elevated risk of asthma close to major roads obtained in this population-based matched case-control study.,socioeconomic status,Air Pollutants|Vehicle Emissions,Children,United States,,,Asthma,
21995638,Obstructive Lung Disease in Northern Sweden (OLIN),"This study showed that already at low levels of exposure, vehicle traffic is related to an increased risk of wheeze among children.",,Air Pollutants|Vehicle Emissions,Children,Sweden,,,Asthma|Respiratory Sounds,
28669936,"Children, Allergy, Milieu, Stockholm, Epidemiological Survey (BAMSE)","Our results indicate alterations in systemic inflammatory cytokine markers in 8-year old children in relation to early-life exposure to the traffic-related air pollutants nitrogen dioxide and particulate matter (PM10), and asthma influences some of the interactions.",disease,Air Pollutants|Vehicle Emissions,Controls for disease:Asthma|Subjects with disease:Asthma|Children,Sweden,"air, ambient|serum",CXCL8|IFNG|IL13|IL1B|IL2|IL4|IL6|Nitrogen Dioxide|Particulate Matter|TNF,positive regulation of interleukin-10 production|positive regulation of interleukin-6 production|positive regulation of tumor necrosis factor production,Blood|Serum
29624745,"Traffic, Asthma, and Genetics (TAG)","The marginal genetic association of a weighted genetic risk score from GSTP1, TNF, TLR2, and TLR4 single nucleotide polymorphisms and its interaction with air pollution supports the role of oxidative stress and inflammation in childhood atopic dermatitis.",genetics,Air Pollutants|Vehicle Emissions,Children|Subjects with gene influence:GSTP1|Subjects with gene influence:TNF,Canada | Germany | Netherlands | Sweden,"air, ambient",Nitrogen Dioxide,"Dermatitis, Atopic",
15226151,,"There are 2 implications of the study findings: first, current traffic levels not only contribute to asthma and other respiratory disease exacerbations but may also contribute to high asthma prevalence on Buffalo's West Side in comparison with other Buffalo communities; and second, identification of asthma clusters along busily traveled roadways and the Peace Bridge Complex, in addition to other sites, indicates an etiological link between pollutants and high asthma prevalence rates.",,Air Pollutants|Vehicle Emissions,Study subjects,United States,,,Asthma,
19654914,Nurses' Health Study (NHS),The observed association between exposure to traffic pollution and Rheumatoid arthritis (RA) suggests that pollution from traffic in adulthood may be a newly identified environmental risk factor for RA.,,Air Pollutants|Vehicle Emissions,Workers,United States,,,"Arthritis, Rheumatoid",
19890147,,We used our findings regarding traffic-related exposures and health hazards in the area to facilitate community education and action to address transportation-related health burdens on neighborhood residents.,,Air Pollutants|Vehicle Emissions,Study subjects,United States,,Air Pollutants,Asthma,
19270049,Life Span Study,These analyses provide evidence of a positive association between ionizing radiation dose and malignant lymphoma mortality among male Japanese atomic bomb survivors and Savannah River Site workers.,,"Air Pollutants, Radioactive|Radioactive Fallout",Study subjects|Workers,Japan | United States,,,Lymphoma,
14769641,Agricultural Health Study (AHS),Our findings suggest a possible association between alachlor application and incidence of lymphohematopoietic cancers among applicators in the Agricultural Health Study.,,alachlor,Workers,United States,,,Agricultural Workers' Diseases|Hematologic Neoplasms|Leukemia|Multiple Myeloma,
23670403,Agricultural Health Study (AHS),The findings from this study suggest that use of selected pesticides might be risk factors for exacerbation of symptoms among adult pesticide applicators with active allergic asthma.,disease,Aldicarb|butylate|cyanazine|glyphosate|metribuzin|Paraquat|pendimethalin,Subjects with disease:Asthma|Controls for disease:Hypersensitivity|Subjects with disease:Hypersensitivity|Workers,United States,,,Agricultural Workers' Diseases|Asthma,
17182642,Agricultural Health Study (AHS),"Among farmers, handling silage, high pesticide exposure events, and ever use of organochlorine and carbamate pesticides were associated with farmer's lung in mutually-adjusted models.",,"Aldicarb|Carbamates|DDT|Hexachlorocyclohexane|Hydrocarbons, Chlorinated|Pesticides",Study subjects|Workers,United States,,,Agricultural Workers' Diseases|Farmer's Lung,
17096337,Agricultural Health Study (AHS),"Our analysis of data from the Agricultural Health Study cohort suggests that, overall, use of organochlorine insecticides was not related to cancer risk. We did, however, observe associations among specific chemicals, some of which (lindane and NHL, chlordane/heptachlor and leukemia) are supported by previously published studies and warrant further investigation.",,Aldrin|Chlordan|DDT|Dieldrin|Heptachlor|Hexachlorocyclohexane|Toxaphene,Workers,United States,,,"Agricultural Workers' Diseases|Colonic Neoplasms|Leukemia|Lung Neoplasms|Lymphoma, Non-Hodgkin|Melanoma|Neoplasms|Rectal Neoplasms",
27232328,Lifestyle-Related factors on the Immune System and the Development of Allergies in Childhood plus the influence of traffic emissions and genetics (LISAplus),"We observed a significant reduced risk for developing specific allergic sensitization to aeroallergens in early childhood after exposure to higher fungal diversity around birth, but with attenuated effects until later childhood.",,"Antigens, Bacterial|Antigens, Fungal",Children,Germany,dust,"Antigens, Bacterial|Antigens, Fungal",Respiratory Hypersensitivity|Respiratory Sounds|sensitization,Respiratory System
26596772,,We have replicated findings identifying dust exposure (grain and silica) and farm exposure as risk factors for granulomatosis with polyangiitis; we have shown activities associated with exposure to inhaled antigens (in particular those related to farming or gardening) may increase the risk of the disease.,,Antigens|Dust|Silicon Dioxide,Controls for disease:Granulomatosis with Polyangiitis|Subjects with disease:Granulomatosis with Polyangiitis,New Zealand,,,Granulomatosis with Polyangiitis,
25457149,Consortium of Food Allergy Research Observational Study (CoFAR),Exposure to peanut antigen in dust through an impaired skin barrier in atopically inflamed skin is a plausible route for peanut skin sensitization and peanut allergy.,diet | disease,"Antigens, Plant","Children|Subjects with disease:Dermatitis, Atopic",United States,dust,"Antigens, Plant",Peanut Hypersensitivity,
34864016,National Health and Nutrition Examination Survey (NHANES),"These findings indicated that exposure to heavy metals increased rheumatoid arthritis risk, and advanced the identification of risk factors for rheumatoid arthritis.",,Antimony|Arsenic|Barium|Cadmium|Cesium|Cobalt|Lead|Mercury|Molybdenum|Tungsten|Uranium,Study subjects,United States,blood|urine,Antimony|Arsenic|Barium|Cadmium|Cesium|Cobalt|Lead|Mercury|Molybdenum|Tungsten|Uranium,"Arthritis, Rheumatoid",
24062297,,"Children with high in utero and early life arsenic exposure had marked increases in several chronic respiratory symptoms, which could be due to in utero exposure or to early life exposure, or to both.",,Arsenic,Children,Bangladesh,,Arsenic,Asthma|Dyspnea|Respiratory Sounds,
34624384,,"We have shown that epigenetic changes can be an important factor in increasing and decreasing the expression of genes involved in the onset and/or progression of inflammatory processes in multiple sclerosis, and exposure to heavy metals, especially arsenic, by changing the natural patterns of DNA methylation can be effective in this disease.",,Arsenic|Cadmium|Lead,"Controls for disease:Multiple Sclerosis, Relapsing-Remitting|Subjects with disease:Multiple Sclerosis, Relapsing-Remitting","Iran, Islamic Republic of",blood cell|plasma,ACKR3|Arsenic|Cadmium|Lead,,
16882533,,"In a case-control study of Libby, Montana (a community with historical occupational and environmental exposure to asbestos-contaminated vermiculite), our preliminary findings support the hypothesis that asbestos exposure is associated with systemic autoimmune diseases.",,Asbestos|vermiculite,"Subjects with disease:Arthritis, Rheumatoid|Controls for disease:Autoimmune Diseases|Subjects with disease:Lupus Erythematosus, Systemic|Subjects with disease:Scleroderma, Systemic",United States,,,Autoimmune Diseases,
21622085,Agricultural Health Study (AHS),"In this report, we extend a previous Agricultural Health Study analysis of cancer risk associated with self-reported atrazine use with six additional years of follow-up and more than twice as many cancer cases.",,Atrazine,Workers,United States,,,"Breast Neoplasms|Leukemia|Lymphoma, Non-Hodgkin|Neoplasms|Ovarian Neoplasms|Prostatic Neoplasms|Thyroid Neoplasms",
16291529,,This hypothesis-generating study explores spatial patterns of childhood cancers in Maryland and investigates their potential associations with herbicides and nitrates in groundwater.,,Atrazine|metolachlor|Nitrates,Children,United States,,,Bone Neoplasms|Brain Neoplasms|Leukemia|Lymphoma,
17337640,,"We found an apparent, though not statistically significant, increased risk of non-Hodgkin lymphoma in those with both exposure to benzene and either a history of autoimmune disease or malignant hematologic neoplasms.",disease,Benzene,Subjects with disease:Autoimmune Diseases|Subjects with disease:Hematologic Neoplasms,Italy,,,"Lymphoma, Non-Hodgkin",
22892901,,"Exposure to low levels of benzene released from motorized traffic may increase the risk of childhood leukemia, and suggest a possible independent effect of particulate matter PM10, although unmeasured confounding due to other pollutants cannot be ruled out.",,Benzene|Particulate Matter,Study subjects,Italy,,,Precursor Cell Lymphoblastic Leukemia-Lymphoma,
24304547,,"Odds rations (ORs) suggested associations between 1st trimester exposure to  trichloroethylene (TCE) and benzene and neural tube defects, and we observed a monotonic exposure response relationship for TCE.",,Benzene|Tetrachloroethylene|Trichloroethylene|Vinyl Chloride,Infants or newborns,United States,water,Tetrachloroethylene|Trichloroethylene,"Leukemia|Lymphoma, Non-Hodgkin|Neural Tube Defects",
24552493,,"We found elevated hazard ratios (with wide confidence intervals) at Camp Lejeune for causes of death from cancers of kidney, liver, esophagus, cervix, multiple myeloma, Hodgkin lymphoma, and amyotrophic lateral sclerosis; however, because less than 6% of cohort had died, long-term follow-up is necessary to comprehensively assess effects of drinking water exposures at the base.",diet,"Benzene|Tetrachloroethylene|Vinyl Chloride|Water Pollutants, Chemical",Military personnel,United States,"water, drinking",Benzene|Tetrachloroethylene|Trichloroethylene|Vinyl Chloride,Amyotrophic Lateral Sclerosis|Death|Esophageal Neoplasms|Hodgkin Disease|Kidney Neoplasms|Liver Neoplasms|Multiple Myeloma|Uterine Cervical Neoplasms,
31059917,,"In children with severe Atopic March Onset and Diversity outcome, benzo(a)pyrene appears to contribute to the suppression of NF-KB mediated inflammation by reduction of NKT cells and induction of IL10-secreting CD8+ T effective memory cells.",disease,Benzo(a)pyrene,Controls for disease:Asthma|Subjects with disease:Asthma,Czech Republic,"air, ambient",ALAS2|Benzo(a)pyrene,hematopoietic progenitor cell differentiation|heme biosynthetic process|inflammatory response,Blood
28807506,,"The children, who jointly experience a high benzo(a)pyrene exposure (6.3-8.5 ng/m3) as well as susceptible genotypes in CTLA4 (rs11571316 and rs11571319), STAT4 (rs1031509), and CYP2E1 (rs2070673), respectively, are associated with a significantly greater odds of having doctor-diagnosed asthma, compared to those with neither risk factors.",genetics,Benzo(a)pyrene,Children|Subjects with gene influence:CTLA4|Subjects with gene influence:CYP2E1|Subjects with gene influence:STAT4|Subjects with gene influence:XPC,Czech Republic,"air, ambient",Benzo(a)pyrene,Asthma,
29895780,Polish Mother and Child Cohort Study,The interaction between smoking during pregnancy and vitamins levels on the risk of allergy was not statistically significant (p > 0.4).,tobacco,beta Carotene|Tobacco Smoke Pollution|Vitamin A|Vitamin E,Children|Infants or newborns|Pregnant females,Poland,"blood, cord|plasma",beta Carotene|Vitamin A|Vitamin E,Hypersensitivity,
24905346,"Study of Asthma, Genes, and Environment (SAGE)",This community-based follow-up assessment of 422 Canadian children revealed that beta-glucan exposure in the home at age 7-10 was associated with asthma that persisted into adolescence.,,beta-Glucans|Dust,Study subjects,Canada,dust,beta-Glucans,Asthma|Bronchial Hyperreactivity,
31906378,Childhood Environment and Allergic Diseases Study (CEAS),"In our study, we found that bisphenol A exposure was related to decreased methylation of MAPK1 5' CpG islands, which might be related to the development of asthma in children.",,bisphenol A,Children,"Taiwan, Province of China",urine,bisphenol A|MAPK1,Asthma|DNA methylation on cytosine within a CG sequence,Blood
28274229,,Our results suggest that exposure to phthalates and bisphenol A is associated with aggravation of atopic dermatitis symptoms in children.,age,bisphenol A|Phthalic Acids,"Children|Subjects with disease:Dermatitis, Atopic","Korea, Republic of",urine,bisphenol A glucuronide|mono(2-ethyl-5-hydroxyhexyl) phthalate|mono(2-ethyl-5-oxohexyl)phthalate|monobutyl phthalate,"Dermatitis, Atopic",
16319293,,"The authors conducted a population-based case-control study of 1,068 incident leukemia cases and 5,039 controls aged 20-74 years during 1994-1997 to examine the association between exposure to drinking water chlorination disinfection by-products and adult leukemia risk in Canada.",,bromodichloromethane|Trihalomethanes,Study subjects,Canada,,,"Leukemia|Leukemia, Hairy Cell|Leukemia, Myeloid",
19615679,Agricultural Health Study (AHS),"We examined butylate use and cancer risk more broadly in the Agricultural Health Study, a cohort of licensed pesticide applicators in Iowa and North Carolina.",,butylate,Workers,United States,,,"Agricultural Workers' Diseases|Hematologic Neoplasms|Lymphoma, Non-Hodgkin|Prostatic Neoplasms",
32169083,Odense Child Cohort,In this low exposed prospective mother-child cohort we found no consistent association between maternal phthalate exposure and asthma and eczema in the offspring aged 5-years.,,butylbenzyl phthalate|Dibutyl Phthalate|Diethylhexyl Phthalate|diethyl phthalate|diisobutyl phthalate|diisononyl phthalate|Phthalic Acids,Children|Pregnant females,Denmark,urine,2-ethyl-5-carboxypentyl phthalate|Diethylhexyl Phthalate|diisononyl phthalate|mono(2-ethyl-5-hydroxyhexyl) phthalate|mono(2-ethyl-5-oxohexyl)phthalate|mono-(2-ethylhexyl)phthalate|mono-benzyl phthalate|monobutyl phthalate|monoethyl phthalate|mono-isobutyl phthalate|monoisononylphthalate|Phthalic Acids,Asthma|Eczema|Rhinitis,
22068173,National Health and Nutrition Examination Survey (NHANES),"Cadmium appears to be associated with overall cancer mortality in men and women, but the specific cancers associated differ between men and women.",sex,Cadmium,Study subjects,United States,urine,Cadmium,"Death|Leukemia|Lung Neoplasms|Lymphoma, Non-Hodgkin|Neoplasms|Ovarian Neoplasms|Pancreatic Neoplasms|Uterine Neoplasms",
31921472,Cohort for Childhood Origin of Asthma and allergic disease (COCOA),"Prenatal exposure to lead and chromium is associated with the persistence and severity of atopic dermatitis, and the immune reaction toward a Th2 polarization.",,Cadmium|Chromium|Lead|Mercury,Children|Infants or newborns,"Korea, Republic of","blood, cord",Cadmium|Chromium|Lead|Mercury,"Dermatitis, Atopic|interleukin-13 production","Fetal Blood|Leukocytes, Mononuclear"
19541724,Agricultural Health Study (AHS),Pesticides may be an overlooked contributor to asthma risk among farmers.,,Captan|Carbon Disulfide|Carbon Tetrachloride|Chlordan|Coumaphos|DDT|Diazinon|EPTC|Ethylene Dibromide|fenoprop|Heptachlor|Hexachlorocyclohexane|Malathion|Paraquat|Parathion|Phorate,Workers,United States,,,Agricultural Workers' Diseases|Asthma,
19387005,Agricultural Health Study (AHS),"In summary, the prevalence of MGUS among pesticide applicators was twice that in a population-based sample of men from Minnesota, adding support to the hypothesis that specific pesticides are causatively linked to myelomagenesis.",,Carbon Disulfide|Carbon Tetrachloride|Dieldrin|tetrachloroisophthalonitrile,Workers,United States,,,Agricultural Workers' Diseases|Monoclonal Gammopathy of Undetermined Significance,
22357138,,This study provides new information regarding potential health risks from pollutants commonly found in indoor environments in the United Arab Emirates and other countries.,,Carbon Monoxide|Formaldehyde|Hydrogen Sulfide|Nitrogen Dioxide|Particulate Matter|Sulfur Dioxide|Tobacco Smoke Pollution,Study subjects,United Arab Emirates,air,Carbon Monoxide|Formaldehyde|Hydrogen Sulfide|Nitrogen Dioxide|Particulate Matter|Sulfur Dioxide|Tobacco Smoke Pollution,Asthma|Respiratory Sounds,
20123607,,"We observed a statistically significantly increased risk of asthma diagnosis with increased early life exposure to carbon monoxide, nitric oxide, nitrogen dioxide, particulate matter (PM10), sulfur dioxide, and black carbon and proximity to point sources.",age,Carbon Monoxide|Nitric Oxide|Nitrogen Dioxide|Ozone|Particulate Matter|Soot|Sulfur Dioxide,Controls for disease:Asthma|Subjects with disease:Asthma|Study subjects,Canada,,Carbon Monoxide|Nitric Oxide|Nitrogen Dioxide|Ozone|Particulate Matter|Soot|Sulfur Dioxide,Asthma,
17450216,,"Fine particle exposures resulted in increased levels of exhaled nitric oxide in elderly adults, suggestive of increased airway inflammation.",,Carbon Monoxide|Nitric Oxide|Nitrogen Dioxide|Ozone|Particulate Matter|Soot|Sulfur Dioxide|Vehicle Emissions,"Controls for disease:Asthma|Subjects with disease:Asthma|Controls for disease:Pulmonary Disease, Chronic Obstructive|Subjects with disease:Pulmonary Disease, Chronic Obstructive|Study subjects",United States,,Carbon Monoxide|Nitric Oxide|Nitrogen Dioxide|Ozone|Particulate Matter|Soot|Sulfur Dioxide,Pneumonia,
18795172,California Health Interview Survey (CHIS),We demonstrated a method of linking and analyzing existing health and environmental data as part of the national Environmental Public Health Tracking initiatives currently under development in the United States. Our data linkage and analyses indicate that children with asthma living in high ozone and particulate matter <= 10 microns areas in Los Angeles and San Diego Counties experience symptoms more frequently than those living in less-polluted neighborhoods.,,Carbon Monoxide|Nitrogen Dioxide|Ozone|Particulate Matter,Subjects with disease:Asthma|Children,United States,air,Carbon Monoxide|Nitrogen Dioxide|Ozone|Particulate Matter,Asthma,
26996571,,The present study showed that traffic-related and other pollutants around primary school areas are associated with increased risks of allergic diseases among elementary school students.,,Carbon Monoxide|Nitrogen Dioxide|Ozone|Particulate Matter|Soot|Sulfur Dioxide,Children,"Korea, Republic of",air,Carbon Monoxide|Nitrogen Dioxide|Ozone|Particulate Matter|Soot|Sulfur Dioxide,"Asthma|Dermatitis, Atopic|Rhinitis, Allergic",
26647366,,"Short-term ozone exposures among California residents living near an ozone monitor were positively associated with emergency department visits for asthma, acute respiratory infections, pneumonia, chronic obstructive pulmonary disease, and upper respiratory tract inflammation from 2005 through 2008.",,Carbon Monoxide|Nitrogen Dioxide|Ozone|Sulfur Dioxide,Study subjects,United States,"air, ambient",Carbon Monoxide|Nitrogen Dioxide|Ozone|Sulfur Dioxide,"Asthma|Pneumonia|Pulmonary Disease, Chronic Obstructive|Respiratory Tract Diseases",
18728913,,The rapid changes in cancer risk after changes in chlorophenol exposure suggest that chlorophenols may have a promotion effect in the carcinogenic process.,,Chlorophenols,Study subjects,Finland,,,"Lymphoma, Non-Hodgkin|Soft Tissue Neoplasms",
25342458,,"Using a cross-sequential design, we tested if Willits had an excess rate of adverse health conditions classified using standard federal definitions, when compared to people of the same sex and cohort in the rest of county (ROC).",,chromium hexavalent ion,Study subjects,United States,,,"Environmental Illness|Pathological Conditions, Signs and Symptoms",
18403863,,"This study examined the relationship between asthma mortality and occupational exposure in the dye industry among 66,089 male workers (including 904 in the dy industry); the asthma mortality in the dye industry workers was significantly higher than in the general population.",,Coloring Agents,Workers,"Korea, Republic of",,,"Asthma, Occupational|Death",
25250096,,"This study represents the first report of an interaction of genetic variation and DNA-methylation of GATA3 on the risk for asthma at 18 years, which is modified by the use of oral contraceptive pills and age at menarche.",,"Contraceptives, Oral",Subjects with gene influence:GATA3,United Kingdom,,,Asthma,
20487557,,"Multivariate models with variables from five different categories of potential individual and environmental risk factors explained 30% of lung function variability and, including lung function, 25% of variability in disease severity in adult asthma.",tobacco,Copper|Iron|Magnesium|Vanadium|Zinc,Subjects with disease:Asthma,United States,dust,Copper|Iron|Magnesium|Vanadium|Zinc,,
16882534,Agricultural Health Study (AHS),"We did not find any clear, consistent associations between cyanazine exposure and any cancer analyzed.",,cyanazine,Workers,United States,,,"Colonic Neoplasms|Hematologic Neoplasms|Lung Neoplasms|Lymphoma, Non-Hodgkin|Neoplasms|Prostatic Neoplasms",
25337994,Agricultural Health Study (AHS),"Our results show pesticides from different chemical and functional classes were associated with an excess risk of non-Hodgkin lymphoma and subtypes, but not all members of any single class of pesticides were associated with an elevated risk; these findings are among the first to suggest links between DDT, lindane, permethrin, diazinon and terbufos with non-Hodgkin lymphoma subtypes.",,DDT|Diazinon|Hexachlorocyclohexane|Permethrin|terbufos,Workers,United States,,,"Lymphoma, Follicular|Lymphoma, Non-Hodgkin|Multiple Myeloma",
27504716,Epidemiological family-based study of the Genetics and Environment of Asthma (EGEA) | European Community Respiratory Health Survey (ECRHS) | Swiss study on Air Pollution and Lung Diseases In Adults (SAPALDIA),"This study identified interactions between genetic variants near or within five genes, PLA2G4A, PLA2R1, RELA, PRKD1 and PRKCA, and occupational exposures to low molecular weight agents or irritants for current adult-onset asthma.",,Detergents|Disinfectants,Subjects with gene influence:PLA2G4A|Subjects with gene influence:PLA2R1|Subjects with gene influence:PRKCA|Subjects with gene influence:PRKD1|Subjects with gene influence:RELA|Workers,France | Switzerland,,,"Asthma, Occupational",
26150671,Agricultural Health Study (AHS),"We observed increased risk with organophosphate insecticides use (in spouses of pesticide applicators) for several hormonally-related cancers, including breast, thyroid, and ovary, suggesting potential for hormonally-mediated effects.",,Diazinon|Insecticides|Malathion,Study subjects,United States,,,"Breast Neoplasms|Lymphoma, Non-Hodgkin|Ovarian Neoplasms|Thyroid Neoplasms",
18959776,,"This study, in line with previous results obtained in the vicinity of the incinerator located in Besancon (France), adds further evidence to the link between non-Hodgkin's lymphoma incidence and exposure to dioxins emitted by municipal solid waste incinerators.",sex,Dioxins,Study subjects,France,,,"Lymphoma, Non-Hodgkin",
12948893,,"This study provides indications of effects at the stem cell level of perinatal dioxin exposure, persisting until minimally 8 years after birth.",,Dioxins,Children|Fetuses|Infants or newborns,Netherlands,"milk, human|serum",Dioxins|THPO,Hypersensitivity|Thrombocytopenia|CD4 biosynthetic process|gene expression|immune response|platelet formation,Blood
22994756,,"Consistent with results from previous studies in other case populations, traditional Chinese medicine appeared to have a direct or indirect protective effect against diffuse large B-cell lymphoma.",,"Drugs, Chinese Herbal","Controls for disease:Lymphoma, Large B-Cell, Diffuse|Subjects with disease:Lymphoma, Large B-Cell, Diffuse",China,,,"Lymphoma, Large B-Cell, Diffuse",
25736162,California Childhood Leukemia Study,Our findings do not support the hypothesis that metals in carpet dust are risk factors for childhood acute lymphoblastic leukemia.,,Dust,Children|Controls for disease:Precursor Cell Lymphoblastic Leukemia-Lymphoma|Subjects with disease:Precursor Cell Lymphoblastic Leukemia-Lymphoma,United States,carpet,Arsenic|Cadmium|Chromium|Copper|Lead|Nickel|Tin|Tungsten,Precursor Cell Lymphoblastic Leukemia-Lymphoma,
27518660,,The results of our studies in humans and mice indicate that the Amish environment provides protection against asthma by engaging and shaping the innate immune response.,,Dust|Endotoxins,Children,United States,air,Endotoxins,Asthma|innate immune response,Blood
32212084,,"In conclusion, the highest prevalence of asthma/allergy was observed in the third quartile of household airborne endotoxin (between 0.67 and 1.97 endotoxin units per cubic meter) and fungi (between 314 and 699 colony-forming units per cubic meter of air) with odds ratio of 4.88 (95% CI 1.16-20.55) and 4.47 (95% CI 1.13-17.69), respectively.",,Endotoxins,Controls for disease:Asthma|Subjects with disease:Asthma|Children,"Taiwan, Province of China",air,Endotoxins,Asthma,
27285288,Agricultural Health Study (AHS),"Our results suggest that specific agricultural pesticides, solvents, and chemical fertilizers may increase the risk of rheumatoid arthritis in women, while exposures involving animal contact may be protective.",,Fertilizers|glyphosate|mancozeb|Maneb|Pesticides|Solvents,"Subjects with disease:Arthritis, Rheumatoid",United States,,,"Arthritis, Rheumatoid",
32634666,Early Dietary Intervention and Later Signs of Beta-Cell Autoimmunity (EDIA),Our findings suggest that perfluoroalkyl substances (PFAS) exposure during pregnancy contributes to risk and pathogenesis of type 1 diabetes in offspring.,,Fluorocarbons|perfluorobutanesulfonic acid|perfluorobutyric acid|perfluorodecanoic acid|perfluorododecanoic acid|perfluoroethylcyclohexanesulfonic acid|perfluorohexanesulfonic acid|perfluoro-n-heptanoic acid|perfluoro-n-nonanoic acid|perfluorooctanesulfonamide|perfluorooctane sulfonic acid|perfluorooctanoic acid|perfluoropentanoic acid|perfluoroundecanoic acid,Infants or newborns|Pregnant females,Finland,serum,Fluorocarbons|perfluorobutanesulfonic acid|perfluorobutyric acid|perfluorodecanesulfonic acid|perfluorodecanoic acid|perfluorododecanoic acid|perfluoroethylcyclohexanesulfonic acid|perfluoroheptanesulfonic acid|perfluorohexanesulfonic acid|perfluoro-n-heptanoic acid|perfluoro-n-nonanoic acid|perfluorononanesulfonic acid|perfluorooctanesulfonamide|perfluorooctane sulfonic acid|perfluorooctanoic acid|perfluoropentanesulfonic acid|perfluoropentanoic acid|perfluorotetradecanoic acid|perfluorotridecanoic acid|perfluoroundecanoic acid,"Diabetes Mellitus, Type 1|amino acid metabolic process|lipid metabolic process|phosphatidylcholine metabolic process|sphingomyelin metabolic process",Fetal Blood|Serum
32717646,Hokkaido Birth Cohort Study on Environment and Children's Health,"In summary, we found that prenatal exposures to perfluorooctane sulfonate, perfluorooctanoic acid, perfluoroundecanoic acid, perfluorododecanoic acid, and perfluorotridecanoic acid were associated with reduced risks of wheeze, eczema, and rhino-conjunctivitis, and with increased risks of pneumonia and respiratory syncytial virus infection.",,Fluorocarbons|perfluorodecanoic acid|perfluorododecanoic acid|perfluorohexanesulfonic acid|perfluorohexanoic acid|perfluoro-n-heptanoic acid|perfluoro-n-nonanoic acid|perfluorooctane sulfonic acid|perfluorooctanoic acid|perfluorotridecanoic acid|perfluoroundecanoic acid,Children|Pregnant females,Japan,plasma,Fluorocarbons|perfluorodecanoic acid|perfluorododecanoic acid|perfluorohexanesulfonic acid|perfluorohexanoic acid|perfluoro-n-heptanoic acid|perfluoro-n-nonanoic acid|perfluorooctane sulfonic acid|perfluorooctanoic acid|perfluorotridecanoic acid|perfluoroundecanoic acid,"ASTHMA-RELATED TRAITS, SUSCEPTIBILITY TO, 8|Eczema|Pneumonia|Respiratory Syncytial Virus Infections",
30684804,Norwegian Mother and Child Cohort Study (MoBa),"In the present study, no statistically significant associations were found between prenatal exposure to perfluoroalkyl substances and the doctor-diagnosed outcomes food allergy, inhaled allergy (rhinitis) and asthma at age 7 years, while prenatal exposure to perfluoroundecanoic acid was inversely related to atopic eczema in girls.",sex,Fluorocarbons|perfluorohexanesulfonic acid|perfluoro-n-nonanoic acid|perfluorooctane sulfonic acid|perfluorooctanoic acid|perfluoroundecanoic acid,Children|Pregnant females,Norway,plasma,Fluorocarbons|perfluorohexanesulfonic acid|perfluoro-n-nonanoic acid|perfluorooctane sulfonic acid|perfluorooctanoic acid|perfluoroundecanoic acid,"Asthma|Dermatitis, Atopic|Respiratory Sounds",
32101310,National Health and Nutrition Examination Survey (NHANES),"Among patients with rheumatoid arthritis (RA), a serum folate level of at least 4.3 ng/mL was associated with lower cardiovascular (CV) mortality risk. Further research is needed to examine whether a causal relationship exists between serum folate and CV risk among patients with RA.",disease,Folic Acid,"Subjects with disease:Arthritis, Rheumatoid",United States,serum,Folic Acid,Death,
29136183,Agricultural Health Study (AHS),"In this large, prospective cohort study, no association was apparent between glyphosate and any solid tumors or lymphoid malignancies overall (including non-Hodgkin lymphoma), but there was some evidence of increased risk of acute myeloid leukemia among the highest exposed group that requires confirmation.",,glyphosate,Workers,United States,,,"Leukemia, Myeloid, Acute|Lymphoma, Non-Hodgkin|Neoplasms",
25635915,Agricultural Health Study (AHS),"There were no statistically significant trends for multiple myeloma risks in relation to reported cumulative days (or intensity weighted days) of glyphosate use; the doubling of risk reported previously arose from the use of an unrepresentative restricted dataset, and analyses of the full dataset provides no convincing evidence for a link between multiple myeloma risk and glyphosate use.",,glyphosate,Workers,United States,,,Multiple Myeloma,
15626647,Agricultural Health Study (AHS),Glyphosate exposure was not associated with cancer incidence overall or with most of the cancer subtypes we studied. There was a suggested association with multiple myeloma incidence that should be followed up as more cases occur in the Agricultural Health Study.,,glyphosate,Workers,United States,,,Multiple Myeloma,
15121522,Children's Health Study (CHS),Environmental exposures during the first year of life are associated with childhood asthma risk.,,Herbicides|Particulate Matter|Pesticides|Smoke|Soot|Vehicle Emissions,Children,United States,,,Asthma,
22674224,,The results provide support for a role of xenobiotic transport and metabolism pathways in risk of childhood acute lymphoblastic leukemia and indicate that genes in these pathways may modulate the risk of disease associated with use of common household chemicals.,,Insecticides,Subjects with gene influence:ABCB1,United States,,,Precursor Cell Lymphoblastic Leukemia-Lymphoma,
19700145,Northern California Childhood Leukemia Study (NCCLS),"Elevated acute lymphoblastic leukemia risk was associated with lifetime moderate exposure, but not high exposure, to certain physicochemical categories of pesticides, including organophosphates, cholorinated phenols, and triazines, and with pesticides classified as insecticides or fumigants.",,Insecticides|Organophosphates|Pesticides|Triazines,Children,United States,,,Precursor Cell Lymphoblastic Leukemia-Lymphoma,
29658108,Costa Rican Childhood Leukemia Study (CRCLS),We found that (i) maternal insecticide use inside the home and pesticide spraying in farms or companies near the home during pregnancy or during breastfeeding were associated with an increase in the risk of leukemia among boys; and (ii) there was a positive exposure-response relationship between frequency of insecticide use and risk of leukemia among boys and girls combined.,sex,Insecticides|Pesticides,Children|Subjects with disease:Precursor Cell Lymphoblastic Leukemia-Lymphoma,Costa Rica,,,Precursor Cell Lymphoblastic Leukemia-Lymphoma,
25137520,,"In this study, we examined exposure to lead, mercury, and solvents, and 58 single nucleotide polymorphisms (SNPs) in genes associated with multiple sclerosis, and identified statistically significant multiplicative interactions with SNPs in five of the genes (TNF-alpha, TNF-beta, VDR, MBP, and APOE) and additive interaction with a SNP in TCA-beta.",genetics,Lead|Mercury|Solvents,Subjects with gene influence:APOE|Subjects with gene influence:LTA|Subjects with gene influence:MBP|Controls for disease:Multiple Sclerosis|Subjects with disease:Multiple Sclerosis|Subjects with gene influence:TNF|Subjects with gene influence:VDR,United States,,,Multiple Sclerosis,
21793953,German Infant Study on the Influence of Nutrition Intervention plus Environmental and Genetic Influences on Allergy (GINIplus) | Lifestyle-Related factors on the Immune System and the Development of Allergies in Childhood plus the influence of traffic emissions and genetics (LISAplus),"The association between dietary intake of fatty acids (e.g., margarine) and allergic diseases (e.g., asthma) in children might be modulated by variants in the fatty acid desaturase gene cluster.",diet | genetics,Margarine,"Controls for disease:Asthma|Subjects with disease:Asthma|Children|Controls for disease:Eczema|Subjects with disease:Eczema|Subjects with gene influence:FADS1|Subjects with gene influence:FADS2|Controls for disease:Ige Responsiveness, Atopic|Subjects with disease:Ige Responsiveness, Atopic|Controls for disease:Rhinitis, Allergic, Seasonal|Subjects with disease:Rhinitis, Allergic, Seasonal",Germany,margarine,Margarine,Asthma,
26703710,,Multiple regression analysis identified hair mercury as a significant predictor of disease-associated damage and disease activity in systemic lupus erythematosus patients.,disease,Mercury,"Subjects with disease:Lupus Erythematosus, Systemic",United Kingdom,hair|urine,Mercury,Disease Progression,
20562055,,"These findings suggest that developmental exposure to immunotoxicants may both increase and decrease the risk of allergic disease and that associations between breast-feeding and subsequent allergic disease in children may, at least in part, reflect lactational exposure to immunotoxic food contaminants.",,Mercury|Polychlorinated Biphenyls,Children|Mothers|Pregnant females,Faroe Islands,"blood, cord|blood|hair|milk, human|serum",Mercury|Polychlorinated Biphenyls,"Asthma|Dermatitis, Atopic|immunoglobulin production",Serum
26033014,Agricultural Health Study (AHS),"This suggestion of an association between metolachlor and liver cancer among pesticide applicators is a novel finding and echoes observation of increased liver neoplasms in some animal studies; however, our findings for both liver cancer and follicular cell lymphoma warrant follow-up to better differentiate effects of metolachlor use from other factors.",,metolachlor,Workers,United States,,,"Agricultural Workers' Diseases|Liver Neoplasms|Lymphoma, Follicular",
19369095,Agricultural Health Study (AHS),"The results from this study suggest a potential association between metribuzin use and certain lymphohematopoietic malignancies; however, having not been observed previously caution should be used in interpretation.",,metribuzin,Workers,United States,,,"Hematologic Neoplasms|Leukemia|Lymphoma, Non-Hodgkin",
22462439,,"Altogether, these observations demonstrate that the rates of contact sensitizations in children reflect changes in their environment, and limitations imposed on the use of haptens with strong sensitizing properties, may be an effective tool in the prevention of contact allergy.",,Nickel|Peruvian balsam|Propolis|Thimerosal,Children,Poland,,Nickel|Peruvian balsam|Propolis|Thimerosal,"Dermatitis, Allergic Contact",
33965769,,"Our findings provide some evidence that exposure to nitrate from drinking water may increase the risk of childhood central nervous system cancers, but not leukemia or lymphoma.",,Nitrates,Children,Denmark,,,Central Nervous System Neoplasms|Leukemia|Lymphoma,
33866061,,"Exposure to ozone and solar radiation during gestation were both associated with the Type 1 Diabetes in offspring, although at borderline significance.",,Nitric Oxide|Nitrogen Dioxide|Ozone|Particulate Matter|Sulfur Dioxide,"Children|Controls for disease:Diabetes Mellitus, Type 1|Subjects with disease:Diabetes Mellitus, Type 1",Israel,air,Nitric Oxide|Nitrogen Dioxide|Ozone|Particulate Matter|Sulfur Dioxide,"Diabetes Mellitus, Type 1",
16330366,,"The objective of this study was to evaluate associations between short-term (hourly) exposures to particulate matter with aerodynamic diameters < 2.5 microm (PM2.5) and the fractional concentration of nitric oxide in exhaled breath (FE(NO) in children with asthma participating in an intensive panel study in Seattle, Washington.",,Nitric Oxide|Particulate Matter,Subjects with disease:Asthma|Children,United States,air,Nitric Oxide,inflammatory response|response to chemical,Respiratory System
32217397,,"The results of this study showed that time of day, occupancy and pool management affect the concentration of trichloramine, which ranged from 58 - 461 micrograms per cubic meter.",,nitrogen chloride,Study subjects,Norway,air,nitrogen chloride,Asthma,
24659182,Gene and Environment: Prospective Study on Infancy in Italy (GASPII),Exposure to traffic-related air pollution is only weakly associated with respiratory symptoms in young children in the first 7 years of life.,,Nitrogen Dioxide,Children|Infants or newborns,Italy,,Nitrogen Dioxide,Asthma,
18941591,Children's Health Study (CHS),"In this cohort, markers of traffic-related air pollution were associated with the onset of asthma.",,Nitrogen Dioxide,Children,United States,air,Nitrogen Dioxide,Asthma,
27372567,Tasmanian Longitudinal Health Study (TAHS),Even relatively low traffic-related air pollution exposures confer an increased risk of adverse respiratory and allergic outcomes in genetically susceptible individuals.,,Nitrogen Dioxide,Study subjects,Australia,air,Nitrogen Dioxide,"Ige Responsiveness, Atopic|Respiratory Sounds",
21392385,,"Among hospitalized children with severe asthma, increased hourly concentration of Particulate Matter (PM2.5) was associated with a decrease in peak expiratory flow.",,"Nitrogen Dioxide|Oxidants, Photochemical|Particulate Matter",Subjects with disease:Asthma,Japan,air,"Nitrogen Dioxide|Oxidants, Photochemical|Particulate Matter",respiratory system process,Lung
22763046,,"Exposure to higher levels of nitrogen dioxide and ozone was associated with increased risk for asthma and pneumonia in children, and the place where the pollutants are measured influences the results (measurements taken in indoor and personal exposure were the most accurate).",age,Nitrogen Dioxide|Ozone,Children,Brazil,"air|air, indoor",Nitrogen Dioxide,Asthma|Pneumonia,
18560490,,Exposure to particulate matter <= 2.5 microns in aerodynamic diameter resulted in acute airway inflammation and decrease in lung function in both asthmatic and nonasthmatic children.,,Nitrogen Dioxide|Ozone|Particulate Matter,Controls for disease:Asthma|Subjects with disease:Asthma|Children,Mexico,air,Nitrogen Dioxide|Ozone|Particulate Matter,"Signs and Symptoms, Respiratory|regulation of inflammatory response",Respiratory System
32645870,"Breathe - Well-Being, Environment, Lifestyle, and Lung Function Study (B-WELL-MOM)","Pregnant women with and without asthma appeared to be exposed to the same level of air pollution when measured by personal or indoor air monitors. However, exposure profiles differed significantly by assessment method.",,Nitrogen Dioxide|Ozone|Particulate Matter,Controls for disease:Asthma|Subjects with disease:Asthma|Pregnant females,United States,air,Nitrogen Dioxide|Ozone|Particulate Matter,,
26731790,Quebec Integrated Chronic Disease Surveillance System (QICDSS),"Asthma onset in children appears to be associated with residential exposure to particulate matter <=2.5 microns, ozone and nitrogen dioxide.",,Nitrogen Dioxide|Ozone|Particulate Matter,Children,Canada,,Nitrogen Dioxide|Ozone|Particulate Matter,Asthma,
31937319,Seoul Atopy Friendly School Project Survey,"In this study, we found evidence of the association between traffic-related air pollution and prevalence of atopic eczema in children, based on a large and representative population in a highly urbanized city in which traffic is a major pollution source.",,Nitrogen Dioxide|Particulate Matter,Children,"Korea, Republic of",air,Nitrogen Dioxide|Particulate Matter,"Asthma|Dermatitis, Atopic|Rhinitis, Allergic",
18203803,Italian Studies on Respiratory Disorders in Childhood and Environment (SIDRIA),"Indices of exposure to traffic-related air pollution are consistently associated with an increased risk of rhinitis in adults, especially among non-smokers.",,Nitrogen Dioxide|Particulate Matter,"Controls for disease:Asthma|Subjects with disease:Asthma|Controls for disease:Bronchitis, Chronic|Subjects with disease:Bronchitis, Chronic|Controls for disease:Emphysema|Subjects with disease:Emphysema|Subjects with disease:Rhinitis|Study subjects",Italy,,Nitrogen Dioxide|Particulate Matter,Rhinitis,
12948892,,Our study showed that children attending schools close to motorways with high truck traffic counts in the Netherlands experienced more respiratory symptoms than did children attending schools near motorways with low truck traffic counts.,,Nitrogen Dioxide|Particulate Matter|Soot|Vehicle Emissions,Children,Netherlands,air,Nitrogen Dioxide|Particulate Matter|Soot,"Bronchitis|Conjunctivitis|Exanthema|Respiratory Sounds|Rhinitis, Allergic, Seasonal",
17903240,,This study found the degree of annoyance related to vehicle exhaust and irritating and asthmatic symptoms to be significantly dependant on the levels of traffic related pollutants outside the home.,,Nitrogen Dioxide|Vehicle Emissions,Study subjects,Sweden,air,Nitrogen Dioxide,Asthma,
18709160,"Children, Allergy, Milieu, Stockholm, Epidemiological Survey (BAMSE)","The effect of air pollution from traffic on childhood allergy appears to be modified by GSTP1 and TNF variants, supporting a role of genes controlling the antioxidative system and inflammatory response in allergy.",,Nitrogen Oxides,Children,Sweden,,,Hypersensitivity|Respiratory Sounds,
27385358,Asthma Call-back Survey,"These results suggest that each unit increase in particulate matter <=2.5 microns in diameter  may be associated with an increase in the prevalence of asthma symptoms, even at levels as low as 4.00-7.06 micrograms per cubic meter.",,Ozone|Particulate Matter,Subjects with disease:Asthma,United States,"air, ambient",Ozone|Particulate Matter,Asthma,
19650582,Agricultural Health Study (AHS),"In this study, non-Hodgkin's lymphoma risk was significantly associated with the ever-use of paraquat.",,Paraquat,Workers,United States,,,"Agricultural Workers' Diseases|Lymphoma, Non-Hodgkin",
20667130,,Our results provide evidence of the adverse effect of PM10 on the rates of pediatric asthma exacerbations and hospital admissions.,,Particulate Matter,Children,Greece,air,Particulate Matter,Asthma,
26452298,,We observed associations between daily particulate matter <=2.5 microns concentrations and pediatric emergency department visits for asthma or wheeze and for upper respiratory infections.,,Particulate Matter,Children,United States,,Particulate Matter,Asthma|Respiratory Sounds|Respiratory Tract Infections,
27152705,,This study investigated the association between airway inflammation in asthmatic children and oxidative burden of PM2.5 personal exposure.,,Particulate Matter,Subjects with disease:Asthma|Children,Canada,"air|air, breath",Nitric Oxide|Particulate Matter,inflammatory response,Respiratory System
27517877,"National Social Life, Health and Aging Project (NSHAP)","Ambient fine particulate matter was associated with depressive and anxiety symptoms, with associations the strongest among individuals with lower socioeconomic measures or among those with certain health-related characteristics.",disease | socioeconomic status,Particulate Matter,"Subjects with disease:Asthma|Subjects with disease:Emphysema|Subjects with disease:Heart Failure|Subjects with disease:Pulmonary Disease, Chronic Obstructive|Subjects with disease:Stroke|Study subjects",United States,"air, ambient",Particulate Matter,Anxiety Disorders|Depressive Disorder,
27586245,,Exposures to ambient particulate matter (PM2.5) containing trace metals that are markers of traffic and industrial-derived emissions were associated in asthmatic children with an enhanced fractional exhaled nitric oxide response.,disease,Particulate Matter,Subjects with disease:Asthma|Children,Canada,"air, ambient",Aluminum|Antimony|Arsenic|Barium|Chromium|Copper|Iron|Magnesium|Manganese|Nickel|Strontium|Sulfur|Vanadium|Zinc,inflammatory response,Lung
20870568,,We provide novel data that suggest that short-term variations in air pollution may influence disease activity in established autoimmune rheumatic disease in humans.,,Particulate Matter,"Subjects with disease:Lupus Erythematosus, Systemic",Canada,air,Particulate Matter,"Autoimmune Diseases|Inflammation|Lupus Erythematosus, Systemic",
31941512,,"Higher emissions of environmental pollutants such as particulate matter (2.5) could be a trigger for the increase of health center outpatients visits for respiratory diseases (acute lower respiratory infections, pneumonia and asthma), which are themselves risk factors for mortality for children in Lima province, Peru.",,Particulate Matter,Children,Peru,air,Particulate Matter,Asthma|Pneumonia|Respiratory Tract Infections,
22978271,,Children and adolescents living in the subequatorial Brazilian Amazon region were exposed to high levels of particulate matter PM2.5 resulting in toxicological risk for this multi-pollutant.,,Particulate Matter,Controls for disease:Asthma|Subjects with disease:Asthma|Children,Brazil,air,Particulate Matter,,
31520956,,"In this study, we estimated associations between various health outcomes and acute exposure to non-smoke particulate matter (PM2.5) and smoke PM2.5 in the state of Colorado over a four-year period (2011-2014).",sex,Particulate Matter|Smoke,Subjects with disease:Asthma|Study subjects,United States,"air, ambient",Particulate Matter|Smoke,Asthma|Bronchitis|Respiratory Tract Diseases,
16452832,Agricultural Health Study (AHS),We did not find a clear association of lifetime pendimethalin exposure either with overall cancer incidence or with specific cancer sites.,,pendimethalin,Workers,United States,,,"Colorectal Neoplasms|Hematologic Neoplasms|Lymphoma, Non-Hodgkin|Melanoma|Neoplasms|Prostatic Neoplasms",
31730470,Odense Child Cohort,"Our findings suggest an association between prenatal exposure to perfluoroalkyl substances (PFASs) and self-reported asthma in the offspring. We found no significant associations between prenatal exposure to PFASs and doctor-diagnosed asthma or wheeze, and additional studies are warranted.",sex,perfluorodecanoic acid|perfluorohexanesulfonic acid|perfluoro-n-nonanoic acid|perfluorooctane sulfonic acid|perfluorooctanoic acid,Children|Pregnant females,Denmark,serum,perfluorodecanoic acid|perfluorohexanesulfonic acid|perfluoro-n-nonanoic acid|perfluorooctane sulfonic acid|perfluorooctanoic acid,Asthma,
32485600,National Health and Nutrition Examination Survey (NHANES),"In this cross-sectional study, we observed some evidence that serum per- and polyfluoroalkyl substance (PFAS) concentrations were weakly associated with increased asthma prevalence in US children between 3-11 years of age. Our findings indicate age significantly modified the associations between serum PFOA and PFOS concentrations and asthma diagnosis.",age,perfluorohexanesulfonic acid|perfluoro-n-nonanoic acid|perfluorooctane sulfonic acid|perfluorooctanoic acid,Controls for disease:Asthma|Subjects with disease:Asthma|Children,United States,serum,perfluorohexanesulfonic acid|perfluoro-n-nonanoic acid|perfluorooctane sulfonic acid|perfluorooctanoic acid,Asthma,
19440497,Agricultural Health Study (AHS),In this study we evaluated the incidence of cancer among pesticide applicators exposed to permethrin in the Agricultural Health Study (AHS).,,Permethrin,Workers,United States,,,"Colonic Neoplasms|Leukemia|Lung Neoplasms|Lymphoma, Non-Hodgkin|Melanoma|Multiple Myeloma|Neoplasms|Prostatic Neoplasms|Rectal Neoplasms",
28202064,EnviroGenoMarkers (EGM) Study,"We report no evidence that a higher body burden of polychlorinated biphenyls, DDE, or hexachlorobenzene increased the risk of non-Hodgkin's lymphoma; significantly inverse associations were noted for males with a number of pollutants; and we hypothesize these unexpected relationships may relate to the subtype composition of our population, effect modification by body mass index, or other unmeasured confounding.",body mass index | sex,Persistent Organic Pollutants,"Controls for disease:Lymphoma, Non-Hodgkin|Subjects with disease:Lymphoma, Non-Hodgkin",Italy | Sweden,plasma,"2,2',3,3',4,4',5-heptachlorobiphenyl|2,2',3',4,4',5-hexachlorobiphenyl|2,2',4,4'-tetrabromodiphenyl ether|2,3,3',4,4',5-hexachlorobiphenyl|2,3',4,4',5-pentachlorobiphenyl|2,4,5,2',4',5'-hexachlorobiphenyl|DDT|Dichlorodiphenyl Dichloroethylene|Hexachlorobenzene|PCB 180","Lymphoma, Non-Hodgkin",
16257361,Agricultural Health Study (AHS),"Risk of rheumatoid arthritis was not associated with mixing or applying pesticides overall or with any pesticide class, nor did it vary by number of days or years of use.",,Pesticides,Study subjects|Workers,United States,,,"Arthritis, Rheumatoid",
15064173,Agricultural Health Study (AHS),"Our study detected a small increase in risk of all childhood cancers combined, and lymphomas specifically, in a pesticide-exposed agricultural population.",,Pesticides,Children,United States,,,Agricultural Workers' Diseases|Hodgkin Disease|Neoplasms,
16190149,California Department of Health Services Study,The generally null results in this study systematically examining the risk relationships for residential proximity to agricultural pesticide use stand in contrast to existing epidemiologic literature suggesting elevated childhood cancer risks from reported household pesticide use. These differences may be due to different chemical agents or to differences in indoor versus outdoor exposure potential or both.,,Pesticides,Children,United States,,,Lymphoproliferative Disorders,
18675586,,"For most childhood cancers, we found no evidence of elevated risk associated with residential proximity at birth to cropland.",,Pesticides,Children,United States,,,"Burkitt Lymphoma|Lymphoma, Non-Hodgkin|Neoplasms|Neoplasms, Germ Cell and Embryonal",
15345339,,The results of this case-control study suggest that exposure to pesticide products may lead to an increased risk of NHL among women.,,Pesticides,Study subjects,United States,,,"Lymphoma, Non-Hodgkin",
18087601,Etude sur les cancers de l'enfant (ESCALE),The study findings strengthen the hypothesis that domestic use of pesticides may play a role in the etiology of childhood hematopoietic malignancies.,,Pesticides,Children,France,,,"Burkitt Lymphoma|Hodgkin Disease|Leukemia, Myeloid, Acute|Precursor T-Cell Lymphoblastic Leukemia-Lymphoma",
20087190,Physician's Health Study,These results support the hypothesis of a positive association between polychlorinated biphenyls exposure and development of non-Hodgkin lymphoma in men.,,Polychlorinated Biphenyls,Study subjects,United States,plasma,"2,2',3',4,4',5-hexachlorobiphenyl|2,3',4,4',5-pentachlorobiphenyl|2,4,5,2',4',5'-hexachlorobiphenyl|Dichlorodiphenyl Dichloroethylene|PCB 180|Polychlorinated Biphenyls","Lymphoma, Follicular|Lymphoma, Large B-Cell, Diffuse|Lymphoma, Non-Hodgkin",
25048800,,"Collectively, these results demonstrate that increased ambient PAH exposure is associated with impaired systemic immunity and epigenetic modifications in a key locus involved in atopy: FOXP3, with a higher impact on atopic children.",,Polycyclic Aromatic Hydrocarbons,Children,United States,,,"Asthma|Rhinitis, Allergic|gene expression|methylation|regulation of immune response","T-Lymphocytes, Regulatory"
33274957,,"Creatinine-corrected urine levels of 9-hydroxyfluorene and 2-hydroxyphenanthrene were elevated in atopic dermatitis cases; however, the difference was not statistically significant after Bonferroni correction.",,Polycyclic Aromatic Hydrocarbons,"Controls for disease:Dermatitis, Atopic|Subjects with disease:Dermatitis, Atopic","Taiwan, Province of China",urine,1-hydroxyphenanthrene|1-hydroxypyrene|1-naphthol|2-hydroxyfluorene|2-naphthol|4-hydroxyphenanthrene|fluoren-9-ol,,
23010230,,Nonatopic children may be more susceptible to the respiratory consequences of early pyrene exposures.,,pyrene,Children|Fetuses,United States,air,pyrene,Asthma,
25027041,,"Agate grinding workers in Iran are at increased risk for respiratory diseases, specifically for silicosis and chronic bronchitis; the disease is related to silica dust exposure, poor ventilation, and inappropriate personal protection.",,Silicon Dioxide,Workers,"Iran, Islamic Republic of",,,"Asthma, Occupational|Bronchitis, Chronic|Silicosis",
26555475,Asthma Randomized Trial of Indoor Wood Smoke (ARTIS),"Wood is commonly used for residential heating; we assessed the efficacy of residential interventions to reduce indoor particulate matter (PM2.5) exposure from wood stoves and found that air filtration unit homes had an overall 63% reduction, as opposed to updating the wood stove or using a placebo.",,Smoke,Subjects with disease:Asthma|Children,United States,"air, indoor",Carbon Monoxide|Particulate Matter,,
25491235,,Smoke events from forest fires were associated with an immediate increase in presentations for respiratory conditions and a lagged increase in attendances for ischemic heart disease and heart failure.,,Smoke,Study subjects,Australia,"air, ambient",Air Pollutants|Particulate Matter,"Asthma|Heart Failure|Myocardial Ischemia|Pulmonary Disease, Chronic Obstructive|Respiratory Tract Diseases",
28630656,Columbia Center for Children's Environmental Health (CCCEH),"Physical activity in urban children appeared associated with lower FOXP3 promoter methylation, a possible indicator of greater Treg function, under conditions of high Black Carbon exposure.",physical activity,Soot,Subjects with disease:Asthma|Children,United States,air,Soot,DNA methylation on cytosine within a CG sequence|respiratory system process,Mouth Mucosa|Epithelial Cells|Lung
31848232,,This study suggests an association between occupational styrene exposure and systemic sclerosis in men as well as in women but based on few cases. This is a new finding and has to be replicated before conclusions can be drawn.,sex,Styrene,Workers,Denmark,,,"Arthritis, Rheumatoid|Scleroderma, Systemic",
20155313,Agricultural Health Study (AHS),"In summary, there was some suggestion that cancers of the prostate and lung as well as leukemia and non-Hodgkin lymphoma may be associated with terbufos use.",,terbufos,Workers,United States,,,"Leukemia|Lung Neoplasms|Lymphoma, Non-Hodgkin|Prostatic Neoplasms",
26865517,Teriflunomide Multiple Sclerosis Oral (TEMSO) Study,"In the Teriflunomide Multiple Sclerosis Oral extension, safety observations were consistent with the core trial, with no new or unexpected adverse events in patients receiving teriflunomide for up to 9 years. Disease activity decreased in patients switching from placebo and remained low in patients continuing on teriflunomide.",,teriflunomide,Subjects with disease:Multiple Sclerosis,Austria | Canada | Chile | Czech Republic | Denmark | Estonia | Finland | France | Germany | Italy | Netherlands | Norway | Poland | Portugal | Russian Federation | Sweden | Switzerland | Turkey | Ukraine | United Kingdom | United States,,teriflunomide,Multiple Sclerosis,
29482571,Seveso Second Generation Health Study,"Our results suggest that maternal serum 2,3,7,8-Tetrachlorodibenzo-p-dioxin (TCDD) near the time of explosion is associated with lower risk of eczema, which supports other evidence pointing to the dysregulated immune effects of TCDD.",,Tetrachlorodibenzodioxin,Children|Pregnant females,Italy,serum,Tetrachlorodibenzodioxin,"Asthma|Eczema|Rhinitis, Allergic, Seasonal",
18192277,,"The Seveso accident in 1976 caused a large, populated area north of Milan, Italy, to be contaminated by 2,3,7,8-tetrachlorodibenzo-p-dioxin (TCDD). In this study, the authors followed up the exposed population for chronic effects; this paper reports the results of the mortality follow-up extension for 1997-2001.",,Tetrachlorodibenzodioxin,Study subjects,Italy,,,"Diabetes Mellitus|Leukemia|Lymphoma|Lymphoma, Non-Hodgkin|Multiple Myeloma|Neoplasms|Pulmonary Disease, Chronic Obstructive|Vascular Diseases",
25274070,,"In this Norwegian MS case-control study of environmental exposures, we replicate that infectious mononucleosis and smoking are associated with increased MS risk.",tobacco,Tobacco Smoke Pollution,Study subjects,Norway,,,Multiple Sclerosis,
21572527,Severe Asthma Research Program (SARP),"Environmental tobacco smoke-exposure of asthmatic individuals is associated with worse lung function, higher acuity of exacerbations, more health care utilization, and greater bronchial hyperreactivity.  Environmental tobacco smoke-exposure was associated with lower levels of serum SOD activity, particularly in asthmatic women of African heritage.",disease | race | sex | tobacco,Tobacco Smoke Pollution,Subjects with disease:Asthma,United States,,,Asthma|Disease Progression|superoxide dismutase activity,Serum
22616936,"Wayne County Health, Environment, Allergy and Asthma Longitudinal Study","Using propensity score methods to rigorously control for confounding factors, environmental tobacco smoke (ETS) exposure was found to reduce the risk of allergic sensitization in children with a positive maternal history. There is a strong association between early-life ETS and the development of allergic sensitization for children aged 2-3 years without maternal history.",genetics | tobacco,Tobacco Smoke Pollution,Children,United States,,,Hypersensitivity|hypersensitivity,Skin
19826548,,"The study shows that persistent cough (OR = 4.01), exposure to smoke at the household level (OR = 2.39) and lack of access to flush toileta at the household level (OR = 1.89) are key predictors of asthma in children.",,Tobacco Smoke Pollution,Children,South Africa,,Tobacco Smoke Pollution,Asthma,
24125146,Kansas City Safe and Healthy Homes Partnership (KCSHHP),"In summary, these results do not support a significant association of Environmental Tobacco Smoke (ETS) exposure with allergic sensitization or a significant additive effect of indoor allergen and ETS exposures on the development of IgE sensitization in this low-income, minority population.",,Tobacco Smoke Pollution,"Children|Controls for disease:Hypersensitivity, Immediate|Subjects with disease:Hypersensitivity, Immediate",United States,,,"Hypersensitivity, Immediate",
24964093,Childhood Asthma Management Program (CAMP),"Our data suggest that prenatal exposure to tobacco smoke is associated with reproducible epigenetic changes that persist well into childhood; however, the biological significance of these altered loci remains unknown.",tobacco,Tobacco Smoke Pollution,Subjects with disease:Asthma|Children,United States,blood cell,C11ORF52|FRMD4A,DNA methylation on cytosine within a CG sequence,Blood Cells
25003170,,Interactions between single-nucleotide polymorphisms in the intercellular adhesion molecule 1 (ICAM1) gene and environmental tobacco smoke are likely to be involved in the development of asthma in childhood.,genetics | tobacco,Tobacco Smoke Pollution,Controls for disease:Asthma|Subjects with disease:Asthma|Children|Subjects with gene influence:ICAM1,"Taiwan, Province of China",,,Asthma,
21249154,,Our results demonstrate that cigarette smoking is important in determining multiple sclerosis susceptibility but the effect on the progression of disease is less certain.,tobacco,Tobacco Smoke Pollution,,,,Tobacco Smoke Pollution,Multiple Sclerosis,
25324153,Epidemiological Investigation of Multiple Sclerosis (EIMS) | Kaiser Permanente Medical Care Plan (KPNC),The risk of developing multiple sclerosis associated with different HLA genotypes may be influenced by exposure to passive smoking.,genetics | tobacco,Tobacco Smoke Pollution,Subjects with gene influence:HLA-A|Subjects with gene influence:HLA-DRB1|Controls for disease:Multiple Sclerosis|Subjects with disease:Multiple Sclerosis,Sweden,,,Multiple Sclerosis,
17450233,,Our results suggest that genetic variation in tumor necrosis factor-alpha may contribute to childhood asthma and that associations may be modified by parental smoking.,genetics | tobacco,Tobacco Smoke Pollution,Children|Subjects with gene influence:TNF,Mexico,,,Asthma|gene expression,Lymphocytes
16425588,Swiss study on Air Pollution and Lung Diseases In Adults (SAPALDIA),"In our prospective analysis of daily symptom data from a large sample of never-smokers living in Switzerland, past self-reported exposure to environmental tobacco smoke was associated with adverse effects on both symptom-free intervals and the length of episodes of respiratory symptoms.",,Tobacco Smoke Pollution,Study subjects,Switzerland,,,Asthma|Bronchitis|Respiratory Tract Diseases,
29664587,"Children, Allergy, Milieu, Stockholm, Epidemiological Survey (BAMSE) | EDEN | INfancia y Medio Ambiente (INMA) Project | Mechanisms of the Development of Allergy (MeDALL) | Prevention and Incidence of Asthma and Mite Allergy (PIAMA)",Children with high early-life exposure were more likely than unexposed children to have early transient and persistent asthma and persistent rhinoconjunctivitis.,tobacco,Tobacco Smoke Pollution,Children,Germany | Netherlands | Sweden,,,Asthma,
31655332,Costa Rican Childhood Leukemia Study (CRCLS),"Our results suggest an association between parental smoking and risk of acute myeloid leukemia, but not acute lymphoblastic leukemia, in Costa Rican children.",sex,Tobacco Smoke Pollution,"Children|Subjects with disease:Leukemia, Myeloid, Acute|Subjects with disease:Precursor Cell Lymphoblastic Leukemia-Lymphoma",Costa Rica,,,"Leukemia, Myeloid, Acute|Precursor Cell Lymphoblastic Leukemia-Lymphoma|Prenatal Exposure Delayed Effects",
33441633,,Reduced expression of tight junction molecules (OCLN and CLDN) in allergic rhinitis patients might be attributable to living in urban locations and exposure to second-hand smoke.,,Tobacco Smoke Pollution,"Subjects with disease:Rhinitis, Allergic",Malaysia,"cell, epithelial, nasal",CLDN7,,
23146048,Environment and Childhood Asthma (ECA),"Triclosan concentrations were associated with allergic sensitization, especially inhalant and seasonal allergens, rather than food allergens; current rhinitis was associated with the highest levels of triclosan, whereas no association was seen for current asthma.",,Triclosan,Children,Norway,urine,Triclosan,"Asthma|Hypersensitivity|Rhinitis, Allergic",
2437172,,"These data indicate that long-term exposure to urea-formaldehyde foam insulation off-products in the home apparently had no effect on the immunologic parameters studied, but short-term exposure resulted in minor immunologic changes in this subject population.",,urea formaldehyde foam,Subjects with disease:Asthma,Canada,,,eosinophil differentiation|natural killer cell activation involved in immune response|T cell differentiation,"T-Lymphocyte Subsets|Eosinophils|Killer Cells, Natural"
21330231,,These results suggest that exposure to Diesel Exhaust can cause acute sickness response symptoms and that these symptoms are also associated with increased levels of self-reported chemical intolerance.,,Vehicle Emissions,Study subjects,United States,,,Environmental Illness,
24060272,Pediatric Environmental Exposure Study (PEES),The present study demonstrates that diesel exhaust particles exposure is associated with increased asthma symptoms and increased IL-17A levels in human and murine asthma.,,Vehicle Emissions,Subjects with disease:Asthma|Children,United States,serum,IL17A,Asthma|gene expression,Serum
20565827,International Study of Asthma and Allergies in Childhood (ISAAC),"Using both proximity as well as distance-weighted estimated levels of motor vehicle emissions on main roads around the residence in a city-wide survey of 7-8-year old children in the capital of Cyprus, this study showed that at least those who reside at close proximity to a main road were more likely to have reported symptoms or having had an asthma diagnosis.",,Vehicle Emissions,Children,Cyprus,air,Nitrogen Oxides|Particulate Matter,Asthma,
21708511,Southern California Children's Health Study (CHS),"Length of road was the only indicator of residential traffic-related pollution exposure associated with airway inflammation in children with asthma, as measured by fractional concentration of nitric oxide in exhaled air.",disease,Vehicle Emissions,Controls for disease:Asthma|Subjects with disease:Asthma|Children,Canada,"air, breath, exhaled",Nitric Oxide,inflammatory response,Respiratory System
21371339,,"Highway traffic exhaust in Swiss alpine highway corridors ( in the absence of other industrial sources) showed negative associations with the respiratory health of adults, higher than those previously found in urban areas.  Positive associations were found between living close to a highway and wheezing without cold and chronic cough.  The association with chronic cough was driven by a subgroup reporting hay fever or allergic rhinitis.",disease,Vehicle Emissions,"Subjects with disease:Rhinitis, Allergic, Seasonal|Study subjects",Switzerland,"air, ambient",Particulate Matter,Cough|Respiratory Sounds,
25487561,,"Short-term exposure to diesel exhaust resulted in DNA methylation changes at CpG sites residing in genes involved in inflammation and oxidative stress response, repetitive elements, and microRNA.",,Vehicle Emissions,Subjects with disease:Asthma,Canada,,,DNA methylation on cytosine within a CG sequence,"Leukocytes, Mononuclear"
26684294,Exposure Sibling Study (ESS) | Pediatric Environmental Exposure Study (PEES),TET1 DNA methylation might serve as a biomarker for asthma and higher risk of (traffic-related air pollution) exposure-related asthma exacerbations.,disease,Vehicle Emissions,Controls for disease:Asthma|Subjects with disease:Asthma|Study subjects,United States,,,methylation,Mucous Membrane|Nose
24528997,,"These findings suggest a response to markers of traffic pollution among urban asthmatic children, and effects were strongest among children receiving preventive medications through school, suggesting that this group of children was particularly sensitive to environmental triggers.",disease,Vehicle Emissions,Subjects with disease:Asthma|Children,United States,"air, ambient",Carbon Monoxide|Ozone|Particulate Matter|Soot|Sulfur Dioxide,Disease Progression,
